{"cameraMode":{"drawMode":0,"name":"Shaded","section":"Shading Mode"},"sceneLighting":false,"audioPlay":false,"sceneViewState":{"showFog":false,"showMaterialUpdate":false,"showSkybox":false,"showFlares":false,"showImageEffects":false,"showParticleSystems":false},"in2DMode":false,"pivot":{"x":2.865976572036743,"y":5.9573140144348148,"z":-0.1279277801513672},"rotation":{"x":0.01649634726345539,"y":-0.018895070999860765,"z":0.0003117994056083262,"w":0.9996867179870606},"size":6.854822158813477,"orthographic":true}